stop_id,stop_name,route_name,latitude,longitude
IDFM:10214,Parking Pr,CDG VAL,49.00890484551127,2.5447987285131415
IDFM:10215,Parking Pr,CDG VAL,49.0090125915058,2.5447567771068575
IDFM:10216,Parking Px,CDG VAL,49.01004328095331,2.5706784538977776
IDFM:10217,Parking Px,CDG VAL,49.010033751278236,2.5705281702484006
IDFM:10220,Terminal 1,CDG VAL,49.01312021545428,2.5419320642685617
IDFM:41833,Terminal 1,CDG VAL,49.01312068485388,2.5420550914841895
IDFM:10218,Terminal 2 Gare,CDG VAL,49.00476806029876,2.5715557935079696
IDFM:10219,Terminal 2 Gare,CDG VAL,49.004768401787345,2.571651466159315
IDFM:2271,Terminal 3,CDG VAL,49.009945084749454,2.5609330606074856
IDFM:2272,Terminal 3,CDG VAL,49.00999903551533,2.560932604571692
IDFM:462400,Antony,ORLYVAL,48.75447836844632,2.300756402160653
IDFM:463014,Antony,ORLYVAL,48.75448744175871,2.3007698833739174
IDFM:473827,Orly 1-2-3,ORLYVAL,48.729596764612964,2.359539564659886
IDFM:492974,Orly 1-2-3,ORLYVAL,48.72957855791586,2.3594989994122932
IDFM:473828,Orly 4,ORLYVAL,48.72892045130042,2.369350558863851
IDFM:474424,Orly 4,ORLYVAL,48.72845779957597,2.3669088903841873
IDFM:477913,Asnières - Quatre Routes,T1,48.92734324143979,2.2745767723621086
IDFM:477914,Asnières - Quatre Routes,T1,48.92728953577513,2.274618464997227
IDFM:22257,Auguste Delaune,T1,48.90673268090695,2.4605373604396763
IDFM:22258,Auguste Delaune,T1,48.90666061731061,2.4605108227517474
IDFM:22633,Basilique de Saint-Denis,T1,48.93807719226314,2.3608224243426954
IDFM:22634,Basilique de Saint-Denis,T1,48.938031867062115,2.360754728105203
IDFM:22624,Bobigny - Pablo Picasso,T1,48.906558641642015,2.4499527714432054
IDFM:22625,Bobigny - Pablo Picasso,T1,48.90647777103686,2.449967268275957
IDFM:23289,Chemin des Reniers,T1,48.934641273309346,2.321444095344165
IDFM:23293,Chemin des Reniers,T1,48.934560806805955,2.321527043611886
IDFM:23312,Cimetière de Saint-Denis,T1,48.93627781965556,2.3640523240300038
IDFM:23314,Cimetière de Saint-Denis,T1,48.936525979859766,2.3633667784558563
IDFM:22628,Cosmonautes,T1,48.93169372430304,2.378194084027151
IDFM:22632,Cosmonautes,T1,48.93179249812244,2.3781656055234563
IDFM:23302,Danton,T1,48.92276400906354,2.4066174610492608
IDFM:24427,Danton,T1,48.922656100102074,2.406618691605552
IDFM:23306,Drancy - Avenir,T1,48.917809446000085,2.417726617499685
IDFM:24424,Drancy - Avenir,T1,48.91774623349357,2.417672743836023
IDFM:22626,Escadrille Normandie-Niémen,T1,48.91273238724237,2.4354659292480028
IDFM:22627,Escadrille Normandie-Niémen,T1,48.912669182419,2.435412039295621
IDFM:23281,Gare de Gennevilliers,T1,48.933408035079104,2.3070872688849575
IDFM:23287,Gare de Gennevilliers,T1,48.93349787848679,2.3070724226986945
IDFM:22262,Gare de Noisy-le-Sec,T1,48.89595790787393,2.4602943808263733
IDFM:23310,Gare de Noisy-le-Sec,T1,48.895904382025236,2.4603904119265176
IDFM:22635,Gare de Saint-Denis,T1,48.93602632476961,2.3440852756563513
IDFM:24431,Gare de Saint-Denis,T1,48.9359094255586,2.3440867496171425
IDFM:22261,Gaston Roulaud,T1,48.91406145300713,2.431262727064243
IDFM:23307,Gaston Roulaud,T1,48.91412472437995,2.4313302569825184
IDFM:23297,Hôpital Avicenne,T1,48.91579415374291,2.424994512820818
IDFM:23304,Hôpital Avicenne,T1,48.91586622459615,2.425021005984215
IDFM:460549,Hôpital Delafontaine,T1,48.93355413819415,2.3710877875580523
IDFM:460550,Hôpital Delafontaine,T1,48.93359039383934,2.371141947078881
IDFM:24425,Hôtel de Ville de Bobigny,T1,48.906566265422576,2.4438136690531236
IDFM:37466,Hôtel de Ville de Bobigny,T1,48.90651230995499,2.443814245584328
IDFM:23301,Hôtel de ville de la Courneuve,T1,48.92747600507261,2.392206222540037
IDFM:24428,Hôtel de ville de la Courneuve,T1,48.92743989718759,2.392179348716743
IDFM:22259,Jean Rostand,T1,48.90784693451178,2.454386644826771
IDFM:22260,Jean Rostand,T1,48.90778373791807,2.4543327369587247
IDFM:22629,La Courneuve - 8 Mai 1945,T1,48.920859363612415,2.4106374774533097
IDFM:24426,La Courneuve - 8 Mai 1945,T1,48.92075977558461,2.410502145012231
IDFM:22630,La Courneuve - Six Routes,T1,48.930001149010536,2.3847928898772652
IDFM:22631,La Courneuve - Six Routes,T1,48.92994677460666,2.384711641960931
IDFM:23298,La Ferme,T1,48.909666054339084,2.4374365075390196
IDFM:23299,La Ferme,T1,48.90968455192708,2.437545452403373
IDFM:23294,La Noue,T1,48.93504089440673,2.3269261436837243
IDFM:460552,La Noue,T1,48.9349511253198,2.326954604905829
IDFM:23279,Le Luth,T1,48.931843025363094,2.2886272270700982
IDFM:23285,Le Luth,T1,48.93177133057975,2.288669154708256
IDFM:23277,Les Courtilles,T1,48.9301501975965,2.28373684985466
IDFM:23278,Les Courtilles,T1,48.930230638264625,2.2836538501812416
IDFM:23280,Le Village,T1,48.93332642981649,2.29464002267431
IDFM:23288,Le Village,T1,48.93338022247793,2.2946119942936414
IDFM:23296,Libération,T1,48.90694700480007,2.438680066806232
IDFM:23300,Libération,T1,48.90692857213566,2.4385847689545503
IDFM:23308,L'Île-Saint-Denis,T1,48.93584048167355,2.339719591155029
IDFM:23309,L'Île-Saint-Denis,T1,48.93571406385322,2.3396256453401656
IDFM:23290,Mairie de Villeneuve-la-Garenne,T1,48.93563980604313,2.3343303720123028
IDFM:23291,Mairie de Villeneuve-la-Garenne,T1,48.9355589516835,2.3343450566692696
IDFM:22267,Marché de Saint-Denis,T1,48.93864415439375,2.3558602176005095
IDFM:22268,Marché de Saint-Denis,T1,48.93856329762427,2.35587486964062
IDFM:23295,Maurice Lachâtre,T1,48.91914827784848,2.413808992990479
IDFM:23305,Maurice Lachâtre,T1,48.91920249956208,2.413862964699738
IDFM:23286,Parc des Chanteraines,T1,48.93397400770204,2.313235719764329
IDFM:460554,Parc des Chanteraines,T1,48.93391137489369,2.3132911450925286
IDFM:22263,Petit Noisy,T1,48.90013411943619,2.465066204572745
IDFM:23311,Petit Noisy,T1,48.90060472033437,2.4657297624164425
IDFM:22264,Pont de Bondy,T1,48.90471551700984,2.4699983661657465
IDFM:24430,Pont de Bondy,T1,48.90468817698156,2.4699167940313758
IDFM:23303,Stade Géo André,T1,48.924396226112556,2.40209533755292
IDFM:24429,Stade Géo André,T1,48.92433314315498,2.4020687684654924
IDFM:22269,Théâtre Gérard Philipe,T1,48.93751719094905,2.350332065279392
IDFM:23313,Théâtre Gérard Philipe,T1,48.93749994624904,2.350468785750953
IDFM:23283,Timbaud,T1,48.93280768803402,2.3012669939202364
IDFM:23284,Timbaud,T1,48.933424649041335,2.300658128735717
IDFM:486824,Cité-Jardin,T10,48.765582197472746,2.2597634832013664
IDFM:486846,Cité-Jardin,T10,48.76546494419459,2.2597107233696145
IDFM:486812,Hôpital Béclère,T10,48.78721762813691,2.2532225449568815
IDFM:486839,Hôpital Béclère,T10,48.787207613990226,2.2530593522498457
IDFM:486810,Jardin Parisien,T10,48.79006596776754,2.252773412609051
IDFM:486840,Jardin Parisien,T10,48.79004695969374,2.252610339911434
IDFM:486834,La Croix de Berny,T10,48.76272082680263,2.3029180081362925
IDFM:486841,La Croix de Berny,T10,48.76268509056283,2.302959299938301
IDFM:486832,LaVallée,T10,48.76141508287884,2.2904328696161556
IDFM:486842,LaVallée,T10,48.76145121893071,2.290459587558967
IDFM:486814,Le Hameau,T10,48.78254980857258,2.253248517857635
IDFM:486838,Le Hameau,T10,48.78259392495242,2.253111785181918
IDFM:486826,Les Peintres,T10,48.764721796864,2.266088616748746
IDFM:486845,Les Peintres,T10,48.76466775195366,2.2660757711711805
IDFM:486820,Malabry,T10,48.76939592802492,2.249694872613051
IDFM:486848,Malabry,T10,48.76934162518396,2.249641226496323
IDFM:486818,Noveos,T10,48.77668362906781,2.250066396091131
IDFM:486836,Noveos,T10,48.77673665004125,2.249915939450735
IDFM:486816,Parc des Sports,T10,48.779735522436795,2.251955070610537
IDFM:486837,Parc des Sports,T10,48.7797888012945,2.2518454316352314
IDFM:486830,Petit-Châtenay,T10,48.76275998240396,2.2807006826726486
IDFM:486843,Petit-Châtenay,T10,48.762714850626836,2.280674094745584
IDFM:486828,Théâtre La Piscine,T10,48.76383639978567,2.272794831394837
IDFM:486844,Théâtre La Piscine,T10,48.76372831132048,2.272769126816137
IDFM:486822,Vallée aux Loups,T10,48.76639747585887,2.254908219839857
IDFM:486847,Vallée aux Loups,T10,48.766361162273036,2.254854314606935
IDFM:470721,Dugny - La Courneuve,T11,48.943910010206984,2.41104524117172
IDFM:472210,Dugny - La Courneuve,T11,48.94394644863184,2.4111403934014755
IDFM:472920,Épinay-sur-Seine,T11,48.95457709774762,2.302421917736917
IDFM:472986,Épinay-sur-Seine,T11,48.954621581329654,2.3023393905460323
IDFM:470874,Épinay - Villetaneuse,T11,48.95903211760871,2.3282543310234183
IDFM:472969,Épinay - Villetaneuse,T11,48.95896993823954,2.328391696111381
IDFM:470688,Le Bourget,T11,48.9302826643256,2.423319399015921
IDFM:472194,Le Bourget,T11,48.93029231335691,2.4234557772724115
IDFM:471675,Pierrefitte - Stains,T11,48.96011691843376,2.367325080062198
IDFM:471933,Pierrefitte - Stains,T11,48.9601799349474,2.3673379697174006
IDFM:471887,Stains - La Cerisaie,T11,48.95476706123573,2.391805313917159
IDFM:472968,Stains - La Cerisaie,T11,48.954694847106445,2.391751538657703
IDFM:470851,Villetaneuse - Université,T11,48.96004555875211,2.342362007854008
IDFM:472820,Villetaneuse - Université,T11,48.959982689332605,2.342376459455363
IDFM:486973,Amédée Gordini,T12,48.65869425652456,2.3737138539226508
IDFM:486975,Amédée Gordini,T12,48.65873972823692,2.3738083536021946
IDFM:486963,Bois Briard,T12,48.62196503646022,2.415821100604916
IDFM:486988,Bois Briard,T12,48.62199168806369,2.4157529624879253
IDFM:486967,Bois de Saint-Eutrope,T12,48.6339271237468,2.3956699900896696
IDFM:486969,Bois de Saint-Eutrope,T12,48.634286635455574,2.395611553345138
IDFM:486957,Champlan,T12,48.70802879952352,2.2808016818526604
IDFM:486990,Champlan,T12,48.70798350178886,2.2807479426245516
IDFM:486892,Chilly-Mazarin,T12,48.700889681819284,2.307099110457053
IDFM:486894,Chilly-Mazarin,T12,48.70087058852854,2.306909120836024
IDFM:486976,Coteaux de l'Orge,T12,48.665291775191896,2.36262193257582
IDFM:486991,Coteaux de l'Orge,T12,48.66532818843938,2.362702965554391
IDFM:486878,Épinay-sur-Orge,T12,48.67058317418974,2.3350562498123173
IDFM:486898,Épinay-sur-Orge,T12,48.67059322879169,2.33524625399574
IDFM:486899,Épinay-sur-Orge,T12,48.67059254723429,2.335124034931777
IDFM:486900,Évry - Courcouronnes,T12,48.62490841088466,2.4254628714315247
IDFM:486902,Évry - Courcouronnes,T12,48.62495351563186,2.4254895141624586
IDFM:486970,Ferme Neuve,T12,48.65215091322678,2.383308967599923
IDFM:486972,Ferme Neuve,T12,48.65216981538317,2.3834852329082086
IDFM:486889,Gravigny Balizy,T12,48.68619709283594,2.3173195266960644
IDFM:486891,Gravigny Balizy,T12,48.686169643597474,2.317238375535632
IDFM:486895,Longjumeau,T12,48.7023414681856,2.2939119675231785
IDFM:486897,Longjumeau,T12,48.70239567385033,2.2939520027613325
IDFM:486960,Massy Europe,T12,48.723504400268936,2.2726765210350672
IDFM:486962,Massy Europe,T12,48.723494826435875,2.272581491386336
IDFM:486883,Massy - Palaiseau,T12,48.7253189473246,2.2576829515968564
IDFM:494313,Massy - Palaiseau,T12,48.72437639406971,2.2565407731383607
IDFM:496039,Massy - Palaiseau,T12,48.72437639406971,2.2565407731383607
IDFM:486978,Parc du Château,T12,48.66779819873873,2.3553396144571788
IDFM:486980,Parc du Château,T12,48.66787037413049,2.3553794651902846
IDFM:486886,Petit Vaux,T12,48.67655218410451,2.3327935799309887
IDFM:486888,Petit Vaux,T12,48.67660645389401,2.332847217178883
IDFM:486965,Traité de Rome,T12,48.625107425425874,2.407332573437208
IDFM:486994,Traité de Rome,T12,48.62515260172909,2.407372768852884
IDFM:480934,Allée Royale,T13,48.814734924412924,2.0785366803243126
IDFM:481074,Allée Royale,T13,48.814690169640635,2.078564708832435
IDFM:480932,Bailly,T13,48.836822664977326,2.074821796743467
IDFM:481073,Bailly,T13,48.836822243484754,2.0747673057541647
IDFM:480925,Camp des Loges,T13,48.91393321731568,2.0816788273095628
IDFM:481068,Camp des Loges,T13,48.91398706552279,2.0816642323152843
IDFM:480940,Fourqueux - Bel Air,T13,48.894912754917016,2.0701067715199954
IDFM:481070,Fourqueux - Bel Air,T13,48.894920794013856,2.069983869456418
IDFM:480936,Les Portes de Saint-Cyr,T13,48.80660240900839,2.0771416765531865
IDFM:481075,Les Portes de Saint-Cyr,T13,48.80660367020067,2.0773050548633556
IDFM:480930,L'Etang - Les Sablons,T13,48.87251085449676,2.0691024229333923
IDFM:481071,L'Etang - Les Sablons,T13,48.872475520756296,2.069184858163414
IDFM:480928,Lisière Pereire,T13,48.90320824555232,2.072877967433932
IDFM:481069,Lisière Pereire,T13,48.90320062581815,2.0730554490728603
IDFM:480942,Mareil-Marly,T13,48.881267628626496,2.079173075641372
IDFM:481038,Mareil-Marly,T13,48.881241804914126,2.0793235307843116
IDFM:480938,Noisy-le-Roi,T13,48.841216832443024,2.061622167810258
IDFM:481065,Noisy-le-Roi,T13,48.8413154314931,2.061579515094916
IDFM:480908,Saint-Cyr,T13,48.79901049572037,2.0747164220775898
IDFM:494486,Saint-Cyr - voie 2,T13,48.79899261499845,2.074730353991662
IDFM:480904,Saint-Germain-en-Laye,T13,48.901598542695204,2.095237857492639
IDFM:481067,Saint-Germain-en-Laye,T13,48.901598748769864,2.0952651369703217
IDFM:480906,Saint-Nom-la-Bretèche - Forêt de Marly,T13,48.867401076895966,2.0506124421427385
IDFM:481072,Saint-Nom-la-Bretèche - Forêt de Marly,T13,48.867402049950684,2.050735118392639
IDFM:492420,Couilly - Saint-Germain - Quincy,T14,48.88280440161704,2.854152348003086
IDFM:492424,Crécy-la-Chapelle,T14,48.859563576644945,2.9051922787891398
IDFM:492416,Esbly,T14,48.90274164027046,2.809285919946294
IDFM:492418,Montry - Condé,T14,48.89108472386095,2.8255986508264512
IDFM:492422,Villiers Montbarbin,T14,48.86352745620305,2.8825308779964818
IDFM:22303,Belvédère,T2,48.876074543399874,2.2260155608818444
IDFM:22304,Belvédère,T2,48.87612770571695,2.2258920592837224
IDFM:23441,Brimborion,T2,48.82213881223653,2.23151530715405
IDFM:27464,Brimborion,T2,48.82211060754302,2.231325036095582
IDFM:23436,Charlebourg,T2,48.90760410767097,2.238466500167037
IDFM:23437,Charlebourg,T2,48.907558278449365,2.2383307423844765
IDFM:23433,Faubourg de l'Arche,T2,48.89680388376041,2.2399884849947362
IDFM:24432,Faubourg de l'Arche,T2,48.896822734160914,2.2401246099529146
IDFM:460556,Henri Farman,T2,48.83479093594566,2.2713962692816696
IDFM:460557,Henri Farman,T2,48.834665033908735,2.271398029105086
IDFM:25635,Issy - Val de Seine,T2,48.82974789798076,2.2629936072265964
IDFM:25638,Issy - Val de Seine,T2,48.82967662517859,2.2631035941137103
IDFM:23428,Jacqueline Auriol,T2,48.910660566492425,2.2340421678368707
IDFM:23430,Jacqueline Auriol,T2,48.910733551902645,2.2342048177612432
IDFM:23438,Jacques-Henri Lartigue,T2,48.82475851142358,2.260435260711393
IDFM:23439,Jacques-Henri Lartigue,T2,48.82470522680052,2.260544985471807
IDFM:25641,La Défense,T2,48.8930550980173,2.237383596838505
IDFM:25642,La Défense,T2,48.89300209833647,2.237534402345929
IDFM:22300,Les Coteaux,T2,48.857297064253984,2.2206381814898353
IDFM:22301,Les Coteaux,T2,48.857278013470946,2.220474910117483
IDFM:23434,Les Fauvelles,T2,48.9026193952111,2.239494331449759
IDFM:23435,Les Fauvelles,T2,48.90262925365679,2.239630602789375
IDFM:23442,Les Milons,T2,48.84994335348533,2.221116114820213
IDFM:23443,Les Milons,T2,48.84996213744435,2.22123848408167
IDFM:22297,Les Moulineaux,T2,48.82146439159181,2.2513836421244737
IDFM:23440,Les Moulineaux,T2,48.82154464722343,2.2512735274005227
IDFM:25639,Meudon-sur-Seine,T2,48.81922547935567,2.2386541208761
IDFM:25640,Meudon-sur-Seine,T2,48.81913511485187,2.238587341846867
IDFM:22302,Musée de Sèvres,T2,48.82882596459613,2.2252730995722283
IDFM:23444,Musée de Sèvres,T2,48.82881803031778,2.22543668443778
IDFM:25643,Parc de Saint-Cloud,T2,48.843023112037265,2.221873583627301
IDFM:25644,Parc de Saint-Cloud,T2,48.843040477407804,2.22177794256949
IDFM:23427,Parc Pierre Lagravère,T2,48.91769564209479,2.224632386054727
IDFM:23429,Parc Pierre Lagravère,T2,48.91748979096629,2.224785553203926
IDFM:23445,Pont de Bezons,T2,48.92334205110835,2.217520042522579
IDFM:25647,Pont de Bezons,T2,48.92336065929193,2.217615291752479
IDFM:25631,Porte de Versailles,T2,48.83185533860844,2.2872126781717754
IDFM:25633,Porte de Versailles,T2,48.83188207418263,2.287171443763209
IDFM:25636,Porte d'Issy,T2,48.83169217409569,2.2809892431392185
IDFM:25637,Porte d'Issy,T2,48.83172839190767,2.281029612339847
IDFM:22298,Puteaux,T2,48.88288548625146,2.2334552507390657
IDFM:22299,Puteaux,T2,48.88299191277544,2.233221865294192
IDFM:25645,Suresnes - Longchamp,T2,48.868112880804894,2.2214851676636975
IDFM:25646,Suresnes - Longchamp,T2,48.86811217143994,2.2213761180397262
IDFM:22295,Suzanne Lenglen,T2,48.83334931541997,2.2768930061836286
IDFM:22296,Suzanne Lenglen,T2,48.833249898033536,2.27681264536782
IDFM:23431,Victor Basch,T2,48.91403193518481,2.229667229917251
IDFM:23432,Victor Basch,T2,48.91375440154659,2.2298623604927506
IDFM:24107,Alexandra David-Néel,T3a,48.84368526694643,2.4100250065154265
IDFM:24139,Alexandra David-Néel,T3a,48.843658959618125,2.410161562816697
IDFM:24123,Avenue de France,T3a,48.825489098203334,2.381149825464056
IDFM:24137,Avenue de France,T3a,48.82555977471331,2.3809038056961698
IDFM:24103,Balard,T3a,48.835888441280396,2.2788605111327747
IDFM:24108,Balard,T3a,48.83632904720439,2.277355761841914
IDFM:36482,Baron le Roy,T3a,48.830336895691396,2.3934750366791087
IDFM:460561,Baron le Roy,T3a,48.83042655091173,2.39341950392133
IDFM:24104,Brancion,T3a,48.82864316650426,2.3006879774102935
IDFM:24121,Brancion,T3a,48.82870707372911,2.300850585299838
IDFM:24100,Cité Universitaire,T3a,48.820191827892465,2.339141182523244
IDFM:24115,Cité Universitaire,T3a,48.820509933065615,2.338115658368057
IDFM:24101,Desnouettes,T3a,48.83411479687378,2.284538816875225
IDFM:24116,Desnouettes,T3a,48.834603133856895,2.283483092163333
IDFM:24105,Didot,T3a,48.82588342655846,2.313338363709676
IDFM:24130,Didot,T3a,48.82597351412929,2.3133644199139147
IDFM:24113,Georges Brassens,T3a,48.82958965330787,2.29645235862634
IDFM:24131,Georges Brassens,T3a,48.83007584981405,2.295015438602318
IDFM:24109,Jean Moulin,T3a,48.824763620104996,2.3188287710972655
IDFM:24132,Jean Moulin,T3a,48.824656012842546,2.318884661036553
IDFM:24124,Maryse Bastié,T3a,48.82432922348724,2.377744762249231
IDFM:24141,Maryse Bastié,T3a,48.824382190272274,2.3775534381245933
IDFM:24125,Montempoivre,T3a,48.83988400020971,2.408814546821016
IDFM:40067,Montempoivre,T3a,48.83986661994873,2.408937367696815
IDFM:24119,Montsouris,T3a,48.82149015737766,2.333240818516532
IDFM:24122,Montsouris,T3a,48.82154495165109,2.3333899397534115
IDFM:24102,Pont du Garigliano,T3a,48.83807321092004,2.271323138312333
IDFM:480964,Pont du Garigliano,T3a,48.838018340072864,2.271174035081847
IDFM:24138,Porte de Charenton,T3a,48.8320158556433,2.3982507364087526
IDFM:24142,Porte de Charenton,T3a,48.831971917767255,2.398455585755042
IDFM:24120,Porte de Choisy,T3a,48.81971514342374,2.3640167452454044
IDFM:24126,Porte de Choisy,T3a,48.81976866806797,2.3639343743867536
IDFM:24128,Porte de Vanves,T3a,48.827454921561646,2.3066838708072592
IDFM:24129,Porte de Vanves,T3a,48.827373746784275,2.3066440851164933
IDFM:24111,Porte de Versailles - Parc des Expositions,T3a,48.832714950896516,2.2880864296816648
IDFM:24114,Porte de Versailles - Parc des Expositions,T3a,48.83260662902873,2.2880197933556627
IDFM:460560,Porte de Vincennes,T3a,48.8469834975727,2.4095379858241412
IDFM:460563,Porte de Vincennes,T3a,48.846884708674125,2.409566358514211
IDFM:24106,Porte d'Italie,T3a,48.81898404542081,2.36015773399431
IDFM:24117,Porte d'Italie,T3a,48.819064255539985,2.3600205548381514
IDFM:24110,Porte d'Ivry,T3a,48.8218601257817,2.3699562338281868
IDFM:24133,Porte d'Ivry,T3a,48.821816307706,2.3701746864334314
IDFM:24134,Porte Dorée,T3a,48.83597310359848,2.407264913210672
IDFM:24135,Porte Dorée,T3a,48.83512991676044,2.4058985151305987
IDFM:24118,Porte d'Orléans,T3a,48.82335017119638,2.324922053842732
IDFM:460547,Porte d'Orléans,T3a,48.822943553337296,2.326180409502787
IDFM:24127,Poterne des Peupliers,T3a,48.82083627815218,2.3517178700368593
IDFM:24136,Poterne des Peupliers,T3a,48.82073732671356,2.3500574676519284
IDFM:24112,Stade Charléty - Porte de Gentilly,T3a,48.819535450932925,2.34571416711844
IDFM:28847,Stade Charléty - Porte de Gentilly,T3a,48.81944596603347,2.345797007642135
IDFM:24421,Adrienne Bolland,T3b,48.87179244694016,2.408738694818512
IDFM:24422,Adrienne Bolland,T3b,48.872411874653075,2.408513529476805
IDFM:462437,Angélique Compoint - Porte de Montmartre,T3b,48.897863424530414,2.3381825237286495
IDFM:462443,Angélique Compoint - Porte de Montmartre,T3b,48.89777357433254,2.3381973060628405
IDFM:490879,Anna de Noailles,T3b,48.87442196109367,2.2781906609693316
IDFM:490881,Anna de Noailles,T3b,48.87448416999379,2.2780670919239996
IDFM:490884,Anny Flore,T3b,48.8811844628922,2.285596649004745
IDFM:490886,Anny Flore,T3b,48.88122861239746,2.285459684787077
IDFM:24404,Butte du Chapeau Rouge,T3b,48.88505204731925,2.396819678860734
IDFM:24416,Butte du Chapeau Rouge,T3b,48.88502438214547,2.3966836324049425
IDFM:24401,Canal Saint-Denis,T3b,48.89867420358864,2.3804708399279226
IDFM:24402,Canal Saint-Denis,T3b,48.898754995770666,2.380442597848103
IDFM:24412,Colette Besson,T3b,48.8985228616988,2.363613279976056
IDFM:24420,Colette Besson,T3b,48.89844200099648,2.3636279086822087
IDFM:24533,Delphine Seyrig,T3b,48.89388752639321,2.397644770882582
IDFM:460562,Delphine Seyrig,T3b,48.89391525883582,2.397794479232845
IDFM:462415,Diane Arbus - Porte des Poissonniers,T3b,48.89837799137393,2.3516934796371
IDFM:462444,Diane Arbus - Porte des Poissonniers,T3b,48.89829720594876,2.351721766125652
IDFM:24398,Ella Fitzgerald,T3b,48.89746293559589,2.3950936519984656
IDFM:24417,Ella Fitzgerald,T3b,48.89736394796987,2.3950811622314045
IDFM:462439,Epinettes - Pouchet,T3b,48.897627101917976,2.3248455273300745
IDFM:462442,Epinettes - Pouchet,T3b,48.89748360561324,2.324915588556141
IDFM:462438,Honoré De Balzac,T3b,48.89632423964413,2.318697253843428
IDFM:462445,Honoré De Balzac,T3b,48.89626214519957,2.3188481036182034
IDFM:24410,Hôpital Robert Debré,T3b,48.87949858689952,2.4012745460995935
IDFM:24418,Hôpital Robert Debré,T3b,48.87945300932185,2.4011523530409966
IDFM:462430,Marguerite Long,T3b,48.889615615175025,2.303128593874889
IDFM:462440,Marguerite Long,T3b,48.88966901512059,2.3030324129038307
IDFM:24394,Marie de Miribel,T3b,48.858657404919875,2.4096101336179307
IDFM:24405,Marie de Miribel,T3b,48.858721027828636,2.4097457105651214
IDFM:24407,Porte d'Aubervilliers,T3b,48.89852395957642,2.3689193307790544
IDFM:24413,Porte d'Aubervilliers,T3b,48.89864071936045,2.368890634791775
IDFM:490876,Porte Dauphine (Avenue Foch),T3b,48.87034441363534,2.2746344140069596
IDFM:490878,Porte Dauphine (Avenue Foch),T3b,48.87037296112415,2.274893044078303
IDFM:24414,Porte de Bagnolet,T3b,48.86338431754405,2.408875014954352
IDFM:24419,Porte de Bagnolet,T3b,48.86340176471023,2.408765768865789
IDFM:490890,Porte de Champerret,T3b,48.88597096158269,2.291994963614582
IDFM:490895,Porte de Champerret,T3b,48.886017778774274,2.2923079803797872
IDFM:462429,Porte de Clichy - Tribunal de Paris,T3b,48.89459051151927,2.314314444573612
IDFM:462441,Porte de Clichy - Tribunal de Paris,T3b,48.894688648692544,2.3141767587052646
IDFM:462414,Porte de Clignancourt,T3b,48.89807207348968,2.3450545241806258
IDFM:462431,Porte de Clignancourt,T3b,48.89799143877971,2.3451100992447147
IDFM:412987,Porte de la Chapelle,T3b,48.898441034062756,2.3583900631505386
IDFM:412988,Porte de la Chapelle,T3b,48.89834248111346,2.358459478922367
IDFM:24399,Porte de la Villette (Cité des Sciences et de l'industrie),T3b,48.89749095730542,2.3864592292211495
IDFM:29379,Porte de la Villette (Cité des Sciences et de l'industrie),T3b,48.89741922608639,2.3865009944320703
IDFM:24406,Porte de Montreuil,T3b,48.85299747973053,2.410819038635312
IDFM:24408,Porte de Montreuil,T3b,48.85298774851907,2.4106692374948193
IDFM:24403,Porte de Pantin - Parc de la Villette,T3b,48.889029830075266,2.3955871164568054
IDFM:24423,Porte de Pantin - Parc de la Villette,T3b,48.88905763403042,2.3957504466943305
IDFM:462436,Porte de Saint-Ouen,T3b,48.89771656108591,2.3295638459854024
IDFM:462446,Porte de Saint-Ouen,T3b,48.897610253568644,2.3298516567126035
IDFM:24409,Porte des Lilas,T3b,48.87667570207763,2.406897140162137
IDFM:24415,Porte des Lilas,T3b,48.876721408971456,2.407046599200534
IDFM:24396,Porte de Vincennes,T3b,48.84742462692587,2.4096283755134005
IDFM:26534,Porte de Vincennes,T3b,48.847325703571016,2.4096294961774425
IDFM:490882,Porte Maillot - Palais des Congrès,T3b,48.87791043686484,2.2840189957912593
IDFM:490892,Porte Maillot - Palais des Congrès,T3b,48.87790872414125,2.2837326845388546
IDFM:24530,Rosa Parks,T3b,48.89760308551223,2.373377140155362
IDFM:24531,Rosa Parks,T3b,48.89750423836571,2.3733919699097723
IDFM:24397,Séverine,T3b,48.86748527523941,2.4088693750122006
IDFM:24400,Séverine,T3b,48.86749500857692,2.4090192175057994
IDFM:490893,Square Sainte-Odile,T3b,48.887552645935415,2.296378369884052
IDFM:490896,Square Sainte-Odile,T3b,48.88742931300661,2.2968164352852605
IDFM:490887,Thérèse Pierre,T3b,48.88352922906449,2.288196318046833
IDFM:490889,Thérèse Pierre,T3b,48.88369263626842,2.288453177914627
IDFM:471757,Allée de la Tour-Rendez-vous,T4,48.89729093774296,2.5066422337264713
IDFM:472172,Allée de la Tour-Rendez-vous,T4,48.89735360569665,2.5065734409130265
IDFM:478646,Arboretum,T4,48.897963837074215,2.5617274917506396
IDFM:478651,Arboretum,T4,48.89789189520736,2.56172809739115
IDFM:472147,Aulnay-sous-Bois,T4,48.93198132034067,2.496963789365468
IDFM:472363,Aulnay-sous-Bois,T4,48.931897866512266,2.4963640466453203
IDFM:471982,Bondy,T4,48.893824310177635,2.482193298612344
IDFM:479491,Bondy,T4,48.893751955637946,2.482098546104649
IDFM:478661,Clichy - Montfermeil,T4,48.904611980150186,2.555041681454517
IDFM:478664,Clichy - Montfermeil,T4,48.90454003875491,2.5550422964124544
IDFM:477286,Clichy-sous-Bois - Mairie,T4,48.907834726341605,2.5463238657809555
IDFM:478663,Clichy-sous-Bois - Mairie,T4,48.907880051184826,2.5464189682631786
IDFM:472197,Freinville Sevran,T4,48.926496496259446,2.5190574106987182
IDFM:472316,Freinville Sevran,T4,48.92651491932228,2.519166419761055
IDFM:471825,Gargan,T4,48.9072679973711,2.5163974669176747
IDFM:472211,Gargan,T4,48.90725017733822,2.5164385595960947
IDFM:472857,Gargan,T4,48.90721464734951,2.516548028569006
IDFM:478656,Hôpital de Montfermeil,T4,48.90090084796803,2.570637395661968
IDFM:478660,Hôpital de Montfermeil,T4,48.900946202680906,2.570746146903078
IDFM:472077,L'Abbaye,T4,48.92180048027322,2.516385223304965
IDFM:472657,L'Abbaye,T4,48.92182707221902,2.5162894528120816
IDFM:478653,Léon Blum,T4,48.90854532457516,2.532333917960648
IDFM:478658,Léon Blum,T4,48.90847306396708,2.5322527111714215
IDFM:471005,Les Coquetiers,T4,48.89263088858735,2.4997443661584247
IDFM:471008,Les Coquetiers,T4,48.89256822428643,2.499813160951303
IDFM:471878,Les Pavillons-sous-Bois,T4,48.90270828680124,2.511897313188358
IDFM:472503,Les Pavillons-sous-Bois,T4,48.90265477549249,2.512006944311881
IDFM:470693,Lycée Henri Sellier,T4,48.91596819231036,2.515170468742955
IDFM:472642,Lycée Henri Sellier,T4,48.91595864752934,2.5150341111104293
IDFM:478654,Maurice Audin,T4,48.908383072890395,2.539197627721811
IDFM:478657,Maurice Audin,T4,48.90848199184545,2.5391967519797514
IDFM:478649,Notre-Dame-des-Anges,T4,48.900928874629386,2.5561234945096047
IDFM:478652,Notre-Dame-des-Anges,T4,48.90092847016551,2.556014372564688
IDFM:471837,Remise à Jorelle,T4,48.89312070600031,2.487969467567442
IDFM:472376,Remise à Jorelle,T4,48.89304870590511,2.4879565369580985
IDFM:478650,République - Marx Dormoy,T4,48.90656130852811,2.524070941477672
IDFM:478662,République - Marx Dormoy,T4,48.90658774434411,2.5239342778690173
IDFM:478655,Romain Rolland,T4,48.90477431674464,2.5479602585141476
IDFM:478659,Romain Rolland,T4,48.90472020628351,2.547919803388255
IDFM:471289,Rougemont Chanteloup,T4,48.930967005263184,2.5148669130183867
IDFM:472618,Rougemont Chanteloup,T4,48.931030062759795,2.5148936222347817
IDFM:28856,Alcide d'Orbigny,T5,48.96582548255011,2.363595286356353
IDFM:28859,Alcide d'Orbigny,T5,48.965399304705166,2.3629312701804097
IDFM:28866,Baudelaire,T5,48.94212854286052,2.356636169972587
IDFM:28867,Baudelaire,T5,48.9421651710353,2.356758582444055
IDFM:28850,Butte Pinson (Parc Régional),T5,48.973607721805635,2.3659861231439723
IDFM:28853,Butte Pinson (Parc Régional),T5,48.97362642763888,2.366122494734763
IDFM:479383,Garges - Sarcelles,T5,48.97717984665593,2.3906824255995547
IDFM:479384,Garges - Sarcelles,T5,48.97713460937024,2.3906283124533076
IDFM:28864,Guynemer,T5,48.948194399075575,2.357516863437206
IDFM:28865,Guynemer,T5,48.94819374051071,2.3573939918117484
IDFM:28855,Jacques Prévert,T5,48.97086473970564,2.3659376221571997
IDFM:28861,Jacques Prévert,T5,48.970847333356595,2.3660471084241474
IDFM:28849,Joncherolles,T5,48.95556399635663,2.358368020340215
IDFM:28858,Joncherolles,T5,48.95556348483242,2.358272439968033
IDFM:28874,Les Cholettes,T5,48.977453138205156,2.372182282944555
IDFM:28876,Les Cholettes,T5,48.97755219236446,2.3722084084835706
IDFM:28868,Les Flanades,T5,48.9766714162375,2.377478440264173
IDFM:28872,Les Flanades,T5,48.97663544849064,2.3774788710389014
IDFM:28869,Lochères,T5,48.978563000308895,2.385065101404375
IDFM:28870,Lochères,T5,48.97849099485918,2.385052292086106
IDFM:28852,Mairie de Pierrefitte,T5,48.96354125320171,2.3601952566268714
IDFM:28854,Mairie de Pierrefitte,T5,48.96347860041045,2.3602506568960244
IDFM:28846,Marché de Saint-Denis,T5,48.93896122921449,2.3562931195300902
IDFM:490553,Marché de Saint-Denis,T5,48.93898754608964,2.356169935832105
IDFM:28873,Paul Valéry,T5,48.979302567383094,2.380247523132252
IDFM:28875,Paul Valéry,T5,48.97923034972888,2.3801937385465597
IDFM:28851,Petit Pierrefitte,T5,48.95269302854845,2.357939191024479
IDFM:28860,Petit Pierrefitte,T5,48.95269354033968,2.3580347661176333
IDFM:28862,Roger Semât,T5,48.9448196998411,2.3570670634015802
IDFM:28863,Roger Semât,T5,48.94482803299838,2.356944088576183
IDFM:28848,Suzanne Valadon,T5,48.959135825225516,2.358692660794154
IDFM:28857,Suzanne Valadon,T5,48.95912749038548,2.358815669177408
IDFM:2337,Centre de Châtillon,T6,48.80417425521201,2.289075082231418
IDFM:41952,Centre de Châtillon,T6,48.8042278099247,2.2890062736651298
IDFM:2336,Châtillon - Montrouge,T6,48.810661391055,2.3001665287150472
IDFM:482428,Châtillon - Montrouge,T6,48.81070683539769,2.300247623254254
IDFM:2328,Dewoitine,T6,48.783569174000206,2.214444234350852
IDFM:2335,Dewoitine,T6,48.78364966674295,2.2143749701705326
IDFM:41855,Division Leclerc,T6,48.79444316830182,2.272708519795419
IDFM:41856,Division Leclerc,T6,48.794523611181916,2.2726257190335915
IDFM:41673,Georges Millandy,T6,48.783377242510845,2.2305618235735856
IDFM:41674,Georges Millandy,T6,48.78357956408129,2.2312529719033667
IDFM:2343,Georges Pompidou,T6,48.78494817626303,2.237099053376046
IDFM:2346,Georges Pompidou,T6,48.784858242636766,2.237100368305561
IDFM:2342,Hôpital Béclère,T6,48.78669543253745,2.254577527895755
IDFM:2344,Hôpital Béclère,T6,48.786748628561156,2.2544542669725383
IDFM:2327,Inovel Parc Nord,T6,48.78134841711339,2.2091153745461254
IDFM:2333,Inovel Parc Nord,T6,48.781428816835,2.209032496556274
IDFM:2329,L'Onde (Maison des Arts),T6,48.78192907052959,2.1804982309435825
IDFM:41852,L'Onde (Maison des Arts),T6,48.78202827707343,2.1805375032279275
IDFM:2330,Louvois,T6,48.780122091455084,2.196517886505121
IDFM:2334,Louvois,T6,48.78003206639097,2.1965056630980224
IDFM:2340,Mail de la Plaine,T6,48.78374269982313,2.246984255244028
IDFM:2341,Mail de la Plaine,T6,48.78366210243149,2.2470398600557604
IDFM:2331,Mairie de Vélizy,T6,48.780493377956695,2.1915582441503356
IDFM:2332,Mairie de Vélizy,T6,48.78041133277371,2.1913961992214706
IDFM:2347,Meudon-la-Forêt,T6,48.7835951131364,2.2253049825884723
IDFM:2348,Meudon-la-Forêt,T6,48.78356733886981,2.2251829010480453
IDFM:2338,Parc André Malraux,T6,48.79992226990009,2.2819172935381395
IDFM:41670,Parc André Malraux,T6,48.79985972577238,2.281986227494856
IDFM:2339,Pavé Blanc,T6,48.780919973858374,2.2401112549203135
IDFM:2345,Pavé Blanc,T6,48.78074840684925,2.2400048759245865
IDFM:41850,Robert Wagner,T6,48.78517390333494,2.1788820103815865
IDFM:41853,Robert Wagner,T6,48.78513849126931,2.178964233203961
IDFM:41857,Soleil Levant,T6,48.790275605481305,2.2633606463464826
IDFM:41858,Soleil Levant,T6,48.79031057194821,2.2631968070897
IDFM:41671,Vauban,T6,48.80721821660816,2.2943031744221876
IDFM:41672,Vauban,T6,48.80719878309954,2.294058340581349
IDFM:41851,Vélizy 2,T6,48.78490967437756,2.2199908686470313
IDFM:41854,Vélizy 2,T6,48.78500860115217,2.2199893897850744
IDFM:422039,Viroflay - Rive Droite,T6,48.80561009622073,2.1686748606512247
IDFM:422040,Viroflay - Rive Droite,T6,48.80561217889366,2.1689743857162034
IDFM:422037,Viroflay - Rive Gauche,T6,48.80099564654413,2.1711991185385857
IDFM:422038,Viroflay - Rive Gauche,T6,48.8010238530518,2.1713756664275206
IDFM:29894,Aéroport d'Orly,T7,48.72955298083611,2.3682008466272535
IDFM:35927,Aéroport d'Orly,T7,48.729571616306195,2.368322986536
IDFM:29897,Auguste Perret (Cimetière Parisien),T7,48.76333382151934,2.3678192066888246
IDFM:35931,Auguste Perret (Cimetière Parisien),T7,48.763378213742165,2.367709829472114
IDFM:29902,Bretagne,T7,48.768201183107806,2.3681004100826413
IDFM:413057,Bretagne,T7,48.76820046329727,2.3679643567261746
IDFM:29898,Caroline Aigle (Orlyfret),T7,48.738511893495435,2.369982657031674
IDFM:29899,Caroline Aigle (Orlyfret),T7,48.73873595049087,2.3698303703953347
IDFM:35929,Chevilly-Larue,T7,48.7595396255455,2.366382322204741
IDFM:35930,Chevilly-Larue,T7,48.75962056877212,2.366381339786971
IDFM:35932,Coeur d'Orly,T7,48.73404803036111,2.371192271245693
IDFM:460558,Coeur d'Orly,T7,48.73349234197916,2.3715660843582294
IDFM:29895,Domaine Chérioux,T7,48.778972831519006,2.367466444252223
IDFM:29896,Domaine Chérioux,T7,48.778918221808496,2.3673446251578003
IDFM:29893,Hélène Boucher (Orlytech),T7,48.74002118038836,2.3595069186987048
IDFM:35928,Hélène Boucher (Orlytech),T7,48.739931169050436,2.3594944237431474
IDFM:35937,La Belle Epine,T7,48.75668971589999,2.368321359060268
IDFM:35941,La Belle Epine,T7,48.7566902914413,2.3684301777519883
IDFM:29900,La Fraternelle,T7,48.74172120277371,2.352849598393902
IDFM:35942,La Fraternelle,T7,48.741684564028205,2.352727658537549
IDFM:35945,Lamartine,T7,48.78314402497237,2.3670756282488945
IDFM:460559,Lamartine,T7,48.78327079902779,2.3672374121860154
IDFM:29904,Moulin Vert,T7,48.772067499844496,2.3678767059851387
IDFM:29905,Moulin Vert,T7,48.77203979899573,2.3677409694016562
IDFM:35936,Place de la Logistique,T7,48.75285109222686,2.3619203520174077
IDFM:35940,Place de la Logistique,T7,48.75278864475148,2.3620163305782853
IDFM:35926,Porte de l'Essonne,T7,48.71448743246356,2.371672327475938
IDFM:462937,Porte de l'Essonne,T7,48.71446965907271,2.371713317831807
IDFM:29901,Porte de Rungis,T7,48.752527714710325,2.3553000637375106
IDFM:35934,Porte de Rungis,T7,48.752617211452076,2.355217345676027
IDFM:35938,Robert Schuman (Parc Silic Centre),T7,48.746595768446504,2.3527755868234195
IDFM:35943,Robert Schuman (Parc Silic Centre),T7,48.746632333280374,2.352883938486683
IDFM:35935,Saarinen,T7,48.75019355837689,2.354444784134944
IDFM:35939,Saarinen,T7,48.75021995135073,2.3543356455001314
IDFM:29903,Villejuif - Louis Aragon,T7,48.78729894568862,2.367011615613775
IDFM:35946,Villejuif - Louis Aragon,T7,48.7872892311756,2.366875621605191
IDFM:42105,Blumenthal,T8,48.94784272812051,2.339143963475557
IDFM:42116,Blumenthal,T8,48.947761723568384,2.33913133956827
IDFM:42132,César,T8,48.94956130812369,2.342590162100173
IDFM:42133,César,T8,48.94958753577555,2.3424532936156943
IDFM:42117,Delaunay - Belleville,T8,48.94558583371818,2.347405183595505
IDFM:42125,Delaunay - Belleville,T8,48.94559400828969,2.3472549019997713
IDFM:42101,Épinay - Orgemont,T8,48.95541719963809,2.2953781736331234
IDFM:42109,Épinay - Orgemont,T8,48.9554620795775,2.2953639101802024
IDFM:42102,Épinay-sur-Seine - Gare,T8,48.95584187674177,2.301872390098702
IDFM:42112,Épinay-sur-Seine - Gare,T8,48.95573389275546,2.3018601844901805
IDFM:42111,Gilbert Bonnemaison,T8,48.95536329374528,2.3077369246178736
IDFM:42113,Gilbert Bonnemaison,T8,48.95540935753423,2.3079274852128253
IDFM:42128,Jean Vilar,T8,48.95274990486579,2.3435329780932856
IDFM:42131,Jean Vilar,T8,48.95274915719777,2.343396442304727
IDFM:42106,Lacépède,T8,48.95588823426514,2.3114442040809027
IDFM:42115,Lacépède,T8,48.95594265700801,2.3115254158835534
IDFM:42110,Les Béatus,T8,48.951756707991194,2.320224007226486
IDFM:42114,Les Béatus,T8,48.95143910339942,2.321306841575554
IDFM:42103,Les Mobiles,T8,48.95014603352277,2.3280277652566626
IDFM:42107,Les Mobiles,T8,48.949688531186794,2.3298359704014917
IDFM:42130,Pablo Neruda,T8,48.95660556715761,2.3431292576788487
IDFM:42134,Pablo Neruda,T8,48.95669563749724,2.343155430985437
IDFM:42119,Paul Éluard,T8,48.93964784415011,2.3452545555086055
IDFM:42124,Paul Éluard,T8,48.93971019310891,2.3451445619236657
IDFM:42118,Pierre de Geyter,T8,48.93198137103362,2.3526942374838447
IDFM:42121,Pierre de Geyter,T8,48.93203598815413,2.352816399576181
IDFM:42104,Rose Bertin,T8,48.95326677412415,2.315356850330502
IDFM:42108,Rose Bertin,T8,48.953176619462994,2.315317073249133
IDFM:42122,Saint-Denis - Gare,T8,48.93529153276368,2.34786192297457
IDFM:42126,Saint-Denis - Gare,T8,48.93525489527047,2.3477395329422346
IDFM:42120,Saint-Denis - Porte de Paris,T8,48.9298566726865,2.357265622467154
IDFM:42123,Saint-Denis - Porte de Paris,T8,48.92974869176176,2.3572533079864235
IDFM:42127,Villetaneuse - Université,T8,48.95931503044353,2.341975216299932
IDFM:42129,Villetaneuse - Université,T8,48.95926160265617,2.342071486091147
IDFM:478993,Beethoven - Concorde,T9,48.79886938294268,2.3815473189324092
IDFM:478996,Beethoven - Concorde,T9,48.798832845790145,2.3814388386870005
IDFM:478992,Camille Groult,T9,48.78567462213213,2.3919526005440157
IDFM:479013,Camille Groult,T9,48.78569295540971,2.392020440579232
IDFM:479010,Carle - Darthé,T9,48.75929870781409,2.4088564991148567
IDFM:479012,Carle - Darthé,T9,48.75927125525871,2.408761583192876
IDFM:479006,Châteaudun - Barbès,T9,48.81538623660664,2.368563652805612
IDFM:479007,Châteaudun - Barbès,T9,48.81534062302121,2.368441638581585
IDFM:479008,Christophe Colomb,T9,48.752170331546736,2.417003173639414
IDFM:479009,Christophe Colomb,T9,48.75214281888013,2.416894665176663
IDFM:479004,Cimetière Parisien d'Ivry,T9,48.8126993138848,2.3706933301011173
IDFM:479005,Cimetière Parisien d'Ivry,T9,48.81265370236395,2.370571320300874
IDFM:479002,Constant Coquelin,T9,48.783111810398914,2.3938198227601535
IDFM:479003,Constant Coquelin,T9,48.78308434646516,2.393724871435947
IDFM:479000,Four - Peary,T9,48.75454706233827,2.4119572796684805
IDFM:479001,Four - Peary,T9,48.75451048437987,2.411835268413899
IDFM:478998,Germaine Tailleferre,T9,48.80332022767745,2.377859246357863
IDFM:478999,Germaine Tailleferre,T9,48.80329282241969,2.377777881154749
IDFM:478991,La Briqueterie,T9,48.80732505068007,2.3748975641912837
IDFM:478995,La Briqueterie,T9,48.80726167021094,2.374816625508716
IDFM:478983,Les Saules,T9,48.74688730805608,2.41631412411825
IDFM:478985,Les Saules,T9,48.74696798662078,2.416258819866824
IDFM:478977,Mairie de Vitry-sur-Seine,T9,48.7898227080983,2.3887871516553467
IDFM:478997,Mairie de Vitry-sur-Seine,T9,48.790565474335686,2.388057013379568
IDFM:478975,Musée MAC VAL,T9,48.79286792850484,2.3863012042287175
IDFM:478976,Musée MAC VAL,T9,48.79284038892166,2.3861926273210377
IDFM:478974,Orly - Gaston Viens,T9,48.745104626447,2.4086363760996408
IDFM:478981,Orly - Gaston Viens,T9,48.745023883930926,2.4086780908021588
IDFM:478979,Porte de Choisy,T9,48.81950560222635,2.3652042061445444
IDFM:478980,Porte de Choisy,T9,48.81946912322122,2.3651093131296355
IDFM:478978,Rouget de Lisle,T9,48.76387937297847,2.405757099348053
IDFM:478986,Rouget de Lisle,T9,48.76391595684875,2.405879128241213
IDFM:478982,Trois Communes,T9,48.77299461822559,2.399393905543155
IDFM:478990,Trois Communes,T9,48.773022077897004,2.3994888414942355
IDFM:478988,Verdun - Hoche,T9,48.76842525723445,2.4029160706717363
IDFM:478989,Verdun - Hoche,T9,48.768397800176395,2.4028211412784803
IDFM:478973,Watteau - Rondenay,T9,48.77863704971284,2.3964438819631004
IDFM:478987,Watteau - Rondenay,T9,48.77861851256973,2.3963352252769674
